filename,url
surplusmoney/708614-2022.pdf,https://iapps.courts.state.ny.us/nyscef/ViewDocument?docIndex=C9jO_PLUS_dgpRm3zZeYSCaTOVw==
surplusmoney/32021-2015E.pdf,https://iapps.courts.state.ny.us/nyscef/ViewDocument?docIndex=YzgYx5D/WF3zZMc0XJbg0A==
noticeofsale/704865-2021.pdf,https://iapps.courts.state.ny.us/nyscef/ViewDocument?docIndex=yh6gRn7AgbTNSPFxBqNuDQ==
surplusmoney/509579-2022.pdf,https://iapps.courts.state.ny.us/nyscef/ViewDocument?docIndex=wkqs81FeNrW2kAD3wyu0eQ==
noticeofsale/708992-2017.pdf,https://iapps.courts.state.ny.us/nyscef/ViewDocument?docIndex=zX/MSrhpTt1pKwiHGlqdLw==
surplusmoney/708614-2022.pdf,https://iapps.courts.state.ny.us/nyscef/ViewDocument?docIndex=C9jO_PLUS_dgpRm3zZeYSCaTOVw==
surplusmoney/700937-2023.pdf,https://iapps.courts.state.ny.us/nyscef/ViewDocument?docIndex=R4eA5TXDVGGBc88/elFNPA==
surplusmoney/719959-2022.pdf,https://iapps.courts.state.ny.us/nyscef/ViewDocument?docIndex=qhboi/VH6MT6gjsPniLXZg==
surplusmoney/710441-2017.pdf,https://iapps.courts.state.ny.us/nyscef/ViewDocument?docIndex=AYQGc0qs9gjlQRxoB6_PLUS_izg==
surplusmoney/525866-2020.pdf,https://iapps.courts.state.ny.us/nyscef/ViewDocument?docIndex=UElmf4Ofhy_PLUS_v15V87K2LEA==
noticeofsale/716076-2018.pdf,https://iapps.courts.state.ny.us/nyscef/ViewDocument?docIndex=4onZIcXz_PLUS_W5X0bKdXideSA==
surplusmoney/708614-2022.pdf,https://iapps.courts.state.ny.us/nyscef/ViewDocument?docIndex=C9jO_PLUS_dgpRm3zZeYSCaTOVw==
surplusmoney/35304-2014E.pdf,https://iapps.courts.state.ny.us/nyscef/ViewDocument?docIndex=Cp4jBPz12guxG3_PLUS_YCUd9pA==
surplusmoney/700937-2023.pdf,https://iapps.courts.state.ny.us/nyscef/ViewDocument?docIndex=R4eA5TXDVGGBc88/elFNPA==
surplusmoney/711905-2021.pdf,https://iapps.courts.state.ny.us/nyscef/ViewDocument?docIndex=wT_PLUS_6LDMLXvuioC6d/z5zIg==
surplusmoney/519508-2021.pdf,https://iapps.courts.state.ny.us/nyscef/ViewDocument?docIndex=piyR3zn4iL/TzYTMxQCjFg==
surplusmoney/514404-2023.pdf,https://iapps.courts.state.ny.us/nyscef/ViewDocument?docIndex=oAlXYs7BeFBj0QqLhCJUsw==
