case_number,borough,block,lot,address
850288/2013,Manhattan,1917,27,"107 WEST 132ND STREET, NEW YORK"
850271/2018,Manhattan,384,1307,"209 East 2nd Street, Unit 7 New York, New York 10009"
850122/2019,Manhattan,892,1359,"45 Park Avenue, Unit 1203 and Parking Unit 7, New York, NY 10016"
850046/2022,Manhattan,2025,28,"203 West 139th Street, New York, NY 10030."
850055/2022,Manhattan,764,15,"241 West 14th Street, New York, New York"
850121/2022,Manhattan,31,1333,"75 WALL STREET, UNIT# 38M, NEW YORK, NY 10005"
810052/2011,Manhattan,1914,146,"132 West 130th Street, New York, NY 10027"
153027/2013,Manhattan,2060,38,"404 WEST 146TH STREET, NEW YORK, NY 10031"
850110/2019,Manhattan,1171,2111,"240 RIVERSIDE BOULEVARD, UNIT 10A, NEW YORK, NY 10069"
651246/2022,Manhattan,821,10,"55 West 19th StreetNew York, New York 10011"
850188/2014,Manhattan,1287,1040,"641 5th Avenue #26H, NewYork, NY10022."
850111/2020,Manhattan,1090,1351,"627-635 West 42nd Street, Unit 15JNewYork, NY10036"
157781/2020,Manhattan,1110,1845,"Unit 11K300 Cathedral ParkwayNew York, New York 10026"
850219/2021,Manhattan,762,5,"510 9th Avenue, New York, NY 10018"
850085/2022,Manhattan,742,1032,"305 West 18th st, Unit 2F, NY, NY 10011"
850086/2022,Manhattan,742,1006,
105925/2008,Manhattan,1815,44,
117054/2008,Manhattan,1868,1240,
850189/2014,Manhattan,1921,9,"159 West 136th St New York, NY  10030"
160409/2022,Manhattan,1372,53,
111362/2010,Manhattan,1020,1122,
154079/2022,Manhattan,1959,53,
850026/2022,Manhattan,837,23,
850045/2020,Manhattan,1006,1303,
850198/2021,Manhattan,482,1201,
850194/2019,Manhattan,27,1044,
850059/2022,Manhattan,1006,1305,
850089/2022,Manhattan,1517,1101,
850012/2023,Manhattan,1847,59,
850013/2023,Manhattan,1953,59,
35805/2015E,Bronx,4690,34,"3802 Bronxwood Avenue, Bronx, New York 10469"
381069/2012E,Bronx,4934,56,
381105/2007E,Bronx,2879,284,
381178/2012E,Bronx,5316,35,
381839/2009E,Bronx,4535,24,
382509/2009E,Bronx,2608,9,
35581/2014E,Bronx,5600,46,"2610 MILES AVE, BRONX, NY 10465"
35650/2014E,Bronx,2971,4,"1370 PROSPECT AVE, BRONX, NY 10459"
36125/2020E,Bronx,2433,52,
380329/2008E,Bronx,4982,14,"4042 Baychester Avenue, Bronx, NY 10466"
382283/2009E,Bronx,4977,60,
21985/2018E,Bronx,3521,49,
31424/2020E,Bronx,3943,3297,
32054/2017E,Bronx,2877,451,
35272/2018E,Bronx,5576,80,
381676/2010E,Bronx,4677,127,
382861/2009E,Bronx,2762,278,
806203/2021E,Bronx,3871,52,
25555/2018E,Bronx,4916,60,
32360/2017E,Bronx,4491,37,
35281/2014E,Bronx,4831,47,
380389/2012E,Bronx,2651,33,
809940/2021E,Bronx,3944,4333,
720043/2021,Queens,1207,13,
709301/2022,Queens,9503,29,
705281/2016,Queens,10875,50,"100-35 207TH STREET, QUEENS VILLAGE, NY 11429"
716127/2019,Queens,15658,1,"13-73 BEACH CHANNEL DRIVE, FAR ROCKAWAY, NY"
722814/2021,Queens,140,46,
708279/2023,Queens,835,157,
709077/2023,Queens,11947,283,
711615/2023,Queens,15637,171,
720342/2021,Queens,11687,21,
725167/2021,Queens,11660,50,"114-37 134th Street, South Ozone Park, NY 11420"
704795/2019,Queens,9608,56,
719790/2018,Queens,1725,36,
719714/2021,Queens,1436,49,
710175/2021,Queens,4714,14,
702160/2015,Queens,12726,15,"191- 15 Williamson Avenue, Springfield Gardens, New York 11413"
702292/2015,Queens,12743,26,"117-40 227th Street, Jamaica, NY 11411"
709871/2015,Queens,11099,27,
705738/2016,Queens,475,37,
712170/2016,Queens,1702,76,"32-45 107th Street, East Elmhurst, NY 11369"
709888/2017,Queens,1091,40,
706232/2018,Queens,14243,1115,
711610/2018,Queens,15838,12,
704072/2019,Queens,12044,55,
718290/2019,Queens,11682,45,
717755/2021,Queens,2477,5,"84 -14 Queens Boulevard, Elmburst, New York"
725487/2020,Queens,1701,102,"32-17 106TH STREET, EAST ELMHURST, NY 11369"
709107/2021,Queens,13435,17,
705474/2016,Queens,9545,6,"107-12 107TH AVE, OZONE PARK, NY 11417"
701689/2018,Queens,11146,21,"110-25 217TH STREET QUEENS VILLAGE, NY 11429"
701689/2018,Queens,11146,24,"110-25 217TH STREET QUEENS VILLAGE, NY 11429"
721397/2022,Queens,6597,62,"137-62 70th Road, Flushing, NY 11867"
725416/2021,Queens,567,126,
715870/2018,Queens,10868,39,"201- 09 104th Avenue, Saint Albans A.K.A. Queens Village A.K.A. Hollis A.K.A. Jamaica,  New York 11412"
723116/2020,Queens,7942,42,
715736/2022,Queens,11780,127,
725132/2021,Queens,13179,15,
700044/2020,Queens,12013,3,
721354/2020,Queens,6212,34,"38-22 209th Street, Bayside, NY 11361"
702676/2021,Queens,11176,63,"225-09 107TH AVENUE, QUEENS VILLAGE, NY 11429"
726045/2021,Queens,517,35,
702001/2012,Queens,13683,58,"259-36 147th Road, Rosedale, NY 11422"
704961/2016,Queens,11094,6,"102-05 217TH STREET, QUEENS VILLAGE, NY 11429"
719087/2019,Queens,6167,20,
706164/2021,Queens,1399,37,
712706/2017,Queens,13062,17,"219 28 141st Road, Laurelton, NY 11413"
703341/2021,Queens,16081,6,
715762/2022,Queens,13098,2,
714341/2023,Queens,3081,1017,
719708/2021,Queens,11302,1,"115-116 221ST STREET, CAMBRIA HEIGHTS, NY 11411"
719708/2021,Queens,11302,1,"115-116 221ST STREET, CAMBRIA HEIGHTS, NY 11411"
702871/2012,Queens,11706,15,"114-63 114TH ST, SOUTH OZONE PARK, NY 11420"
717885/2021,Queens,12144,24,"109-30 155TH STREET, JAMAICA, NY 11433"
701533/2014,Queens,15663,21,
718286/2021,Queens,12911,57,
709795/2014,Queens,13642,57,
704596/2016,Queens,11688,18,"116-26 133 STREET, SOUTH OZONE PARK, NY 11420"
708338/2016,Queens,11656,1,"114-01 130th Street, South Ozone Park, NY 11420"
704227/2017,Queens,10246,41,"171-12 107th Avenue, Jamaica, New York 11433"
713650/2016,Queens,1092,72,
714020/2017,Queens,2007,1,
708990/2018,Queens,12076,128,
713451/2017,Queens,11670,22,
716851/2017,Queens,10805,1,
701866/2019,Queens,4630,44,"145-69 20 Avenue, Whitestone, NY 11357"
712825/2019,Queens,1691,20,
713567/2022,Queens,9534,65,
722628/2022,Queens,10265,131,"109-26 174th Street, Jamaica, NY 11433"
709965/2021,Queens,11719,56,"132-44 114th Street, South Ozone Park, NY 11420"
705287/2015,Queens,11136,16,
701211/2016,Queens,12462,6," 177-34 Baisley Blvd Jamaica, NY 11434"
720950/2020,Queens,14173,56,"159-38 95th Street, Howard Beach, NY 11414"
720950/2020,Queens,14173,57,"159-38 95th Street, Howard Beach, NY 11414"
716226/2022,Queens,11741,60,"133-48 121ST STREET, SOUTH OZONE PARK, NY 11420"
704236/2017,Queens,12955,22,
704644/2021,Queens,1466,48,"35-39 92nd Street, Jackson Heights, New York"
709150/2023,Queens,13305,26,"146-38 176th Street, Jamaica, NY 11434"
702059/2015,Queens,1755,77,
707084/2018,Queens,5705,35,
703411/2019,Queens,10195,173,"110-16 169th Street, Jamaica, NY 11433"
700551/2021,Queens,1602,66,
717902/2022,Queens,11689,5,"133-10 116TH AVE, SOUTH OZONE PARK, NY 11420"
705395/2022,Queens,1740,24,"35-44 100TH STREET, CORONA, NY 11368"
713176/2021,Queens,3483,17,
703198/2014,Queens,9900,42,
706393/2014,Queens,1986,10,
704473/2013,Queens,1551,24,
707536/2017,Queens,13455,1,"121-01 147 Avenue A/K/A 146-66 222 Street, Jamaica A/K/A Rosedale, NY 11413"
714175/2016,Queens,9412,43,"110-19 101ST AVENUE, RICHMOND HILL, NY 11419"
707132/2019,Queens,10321,11,
706152/2021,Queens,1387,11,"30-10 90TH STREET, EAST ELMHURST, NY 11369"
715975/2021,Queens,10232,46,
715975/2021,Queens,10232,46,
726700/2021,Queens,12000,3,"142-06 116th Avenue a/k/a 14206 116th Avenue, Queens, NY 11436"
704621/2013,Queens,1629,107,"99-15 Corona Avenue, Corona, NY 11368"
706798/2014,Queens,10265,16,"109-45 173RD ST, JAMAICA, NY 11433"
705120/2015,Queens,11993,62,"148-20 115th Avenue, Jamaica, NY 11436"
707431/2014,Queens,11746,51,"117-18 125TH STREET, SOUTH OZONE PARK, NY 11420"
701891/2016,Queens,368,127,"37-22 27th Street, Queens, NY 11101"
703740/2016,Queens,1384,40,"30-65 86th Street, East Elmhurst, NY 11369"
709921/2015,Queens,9440,97,"123-15 95th Avenue, South Richmond Hill, NY 11419"
705237/2017,Queens,636,39,
713298/2017,Queens,10505,85,
713720/2016,Queens,12733,40,
710605/2017,Queens,1700,33,"32-54 106"" Street, East Elmhurst, New York 11369"
706067/2019,Queens,12026,85,
712849/2019,Queens,10870,35,"203-15 104TH STREET, SAINT ALBANS, NY"
703347/2020,Queens,10637,16,
712793/2020,Queens,1128,12,
713015/2019,Queens,12195,57,"114-29 158th Street, Jamaica, NY 11434"
700023/2021,Queens,9778,33,"158-12 85th Avenue, Jamaica, NY 11432"
700058/2021,Queens,13470,28,"145-61 222nd Street, Springfield Gardens, NY 11413"
706729/2021,Queens,13099,45,
708542/2021,Queens,12721,1,
718885/2020,Queens,9006,129,
712052/2022,Queens,2876,32,
728147/2021,Queens,16048,45,
727003/2023,Queens,9514,23,"103-34 110th Street, Queens, NY 11419"
703590/2022,Queens,1139,27,
707887/2021,Queens,15850,1," 41-19 Rockaway Beach Blvd Far Rockaway, NY 11691"
704233/2019,Queens,4176,30,
709224/2023,Queens,15818,137,
716401/2019,Queens,474,7,
715763/2020,Queens,12075,126,"131-26 140"" Street, Jamaica, New York 11436"
726628/2022,Queens,2814,93,
718598/2021,Queens,12206,4,"118-33 152ND ST, JAMAICA, NY 11434"
718598/2021,Queens,12206,4,"118-33 152ND ST, JAMAICA, NY 11434"
725752/2021,Queens,11244,31,"225-33 113th Drive, Queens Village, NY 11429"
717659/2021,Queens,2396,24,
708663/2021,Queens,12375,58,
701938/2012,Queens,10223,29," 169-19 104th Ave Jamaica, NY 11433"
707691/2014,Queens,10902,51,"104- 15 202nd Street, Saint Albans, NY 11412"
711154/2021,Queens,11333,10,
717070/2021,Queens,9353,10," 126 20 89th Ave Richmond Hill, NY 11418"
700560/2015,Queens,10157,205,"166-12 Douglas Avenue, Jamaica, NY 11433"
706573/2014,Queens,12733,56,
709787/2014,Queens,10400,4,"187-06 Rome Drive, Jamaica, NY 11412"
700995/2016,Queens,9875,29,
707816/2017,Queens,11620,30,
708349/2017,Queens,12818,16,"120-23 233RD STREET, CAMBRIA HEIGHTS, NY 11411"
710456/2017,Queens,10896,7,
700322/2018,Queens,3090,53,
711601/2018,Queens,5863,352,"208-11 15 Avenue, Bayside, NY 11360"
718474/2018,Queens,14011,90,"159-52 91st Street, Howard Beach, NY 11414"
716698/2019,Queens,1097,34,
718967/2020,Queens,12855,127,"226-56 129th Avenue, Laurelton, New York 11413"
720432/2019,Queens,5615,4,"47- 61 196th Street, Flushing, New York 11358"
703601/2021,Queens,10132,54,"150-39 108"" Avenue, Jamaica, NY 11433"
704716/2021,Queens,12269,140,
718169/2021,Queens,11776,1,"131-23 131ST STREET, JAMAICA, NY 11420"
711959/2022,Queens,652,80,
723360/2022,Queens,9335,221,"127-01 89th Ave, Richmond Hill, NY 11418"
716502/2023,Queens,9041,75,
719526/2022,Queens,1542,1140,"82-25 Queens Boulevard, PS7, Elmhurst, NY 11373"
705480/2015,Queens,201,18,
709530/2023,Queens,15461,19,
714924/2021,Queens,11425,1038,
702754/2012,Queens,9601,74,
700443/2015,Queens,11684,1,"127-02 116th Avenue, South Ozone Park, NY 11420"
706032/2014,Queens,1410,54,
707093/2015,Queens,10718,38,"90-33 219TH STREET, QUEENS VILLAGE, NY 11428"
706902/2018,Queens,13463,5,"229-11 147th Avenue, Springfield Gardens, NY 11413"
709684/2018,Queens,4568,73,
714340/2018,Queens,15485,6,
720103/2021,Queens,13104,19,"222-05 135TH AVE, JAMAICA, NY 11413"
718666/2018,Queens,11009,41,"191-37 115TH AVENUE, SAINT ALBANS, NY 11412"
712776/2020,Queens,4019,126,"114-03 Taipei Court, Queens, New York 11356"
712776/2020,Queens,4019,130,"114-11 Taipei Court, Queens, New York 11356"
712776/2020,Queens,4019,133,"114-21 Taipei Court, Queens, New York 11356"
724847/2020,Queens,11076,46,
712486/2022,Queens,3526,58,
717415/2019,Queens,12451,12,
705814/2023,Queens,3590,60,
713140/2021,Queens,12626,19,
713140/2021,Queens,12626,19,
724654/2021,Queens,12717,143,"187-19 Pineville Lane, Springfield Gardens, NY 11413"
724654/2021,Queens,12720,141,"187-19 Pineville Lane, Springfield Gardens, NY 11413"
710724/2021,Queens,2297,25,
701206/2015,Queens,9426,58,"10127 108th Street, Jamaica, NY 11419"
707394/2015,Queens,14005,87,"159-44 85th Street, Howard Beach, New York 11414"
709061/2014,Queens,9436,20,"9430 Lefferts Blvd, South Richmond Hill, NY 11419"
709213/2015,Queens,10272,60,"110-46 174TH STREET, JAMAICA, NY 11433"
709885/2015,Queens,10951,120,"19043 112TH AVE, SAINT ALBANS, NY 11412"
712438/2015,Queens,11966,41,"112-15 148TH STREET, JAMAICA, NY 11435"
713235/2015,Queens,3847,10,
709169/2017,Queens,10241,7,"105-35 171ST PLACE, JAMAICA, NY 11433"
705343/2018,Queens,9299,24,
710527/2019,Queens,13956,37,
700118/2021,Queens,12214,31,"119-44 155th Street, Jamaica, NY 11434"
717992/2021,Queens,11969,16,
720243/2019,Queens,5066,3186," ALL that certain plot piece or parcel of land, with the buildings and improvements thereon erected, situate, lying and being in The Condominium Unit (Hereinafter Called The ""Unit"") In The Building (Hereinafter Called The ""Building"") Known As Grand Three At Sky View Park And By The Street Address 131-01 40th Road, Flushing, New York"
714425/2018,Queens,16047,4,
715032/2022,Queens,1699,26,"32-40 105th Street, East Elmhurst, NY 11369"
703963/2023,Queens,11268,83,
704668/2020,Queens,12452,79,"118-80 Montauk Street, Saint Albans, New York 11412"
706296/2023,Queens,11601,43,
725534/2022,Queens,10492,1,
725586/2022,Queens,9136,203,"ALL that certain plot, piece or parcel of land, with the buildings and improvements thereon erected, situate, lying and being in the Borough of Queens, County of Queens, City and State of New York"
725900/2021,Queens,6836,35,"160- 18 76th Avenue, Fresh Meadows, NY 11366"
725900/2021,Queens,6836,35,"160- 18 76th Avenue, Fresh Meadows, NY 11366"
705367/2022,Queens,8825,53,
708872/2021,Queens,8221,154,
705366/2022,Queens,10482,5,"9063 199th Street, Hollis, New York 11423"
716705/2023,Queens,9881,35,"85-30 Kingston Place, Jamaica Estates, NY 11432"
720293/2021,Queens,9792,45,"16117 84TH ROAD, JAMAICA, NY"
703777/2021,Queens,6840,13,"160-16 78th Avenue, Fresh Meadows, NY 11366"
705364/2022,Queens,7818,1,"214-04 85th Avenue, Hollis Hills aka 214-04 85"" Avenue, Queens Village, NY 11427"
721436/2021,Queens,786,26,
704688/2015,Queens,10135,51,
700542/2017,Queens,11685,21,
702865/2017,Queens,8996,80,"94-13 FORBELL STREET, OZONE PARK, NY 11416"
709287/2015,Queens,13632,5,"137-19 Frankton Street, Rosedale, NY 11422"
715384/2017,Queens,12914,28,
715049/2019,Queens,2431,109,
719898/2018,Queens,11034,19,"194-22 115th Avenue, Saint Albans, NY 11412"
712689/2019,Queens,9679,65,
718398/2019,Queens,3706,1042,
702558/2021,Queens,3944,25,
709599/2021,Queens,15665,119,
710783/2022,Queens,13083,56,
723330/2022,Queens,12679,25,
706289/2023,Queens,11751,14,"12816 Gotham Road, South Ozone Park, NY 11420"
719391/2022,Queens,13053,76,
708615/2022,Queens,11174,59,
716695/2020,Queens,12480,18,"121-26 IRWIN PL, JAMAICA, NY 11434"
700862/2022,Queens,10438,27,
713724/2021,Queens,13726,290,"147-15 232"" Street, Rosedale, NY 11413"
712381/2022,Queens,8953,46,
723966/2021,Queens,15738,61,"10-53 Hartman Lane, Far Rockaway, NY 11691"
727631/2021,Queens,10172,58,"164-13 109th Avenue, Jamaica, (City of New York"
725167/2021,Queens,11660,50,"114-37 134th Street, South Ozone Park, NY 11420"
704135/2015,Queens,13750,203,"244-21 149TH AVENUE, ROSEDALE, NY 11422"
707220/2015,Queens,9384,57,
708324/2016,Queens,12044,163,"146-02 120TH AVENUE, JAMAICA, NY 11436"
702662/2017,Queens,9417,71,"95-45 115th Street, South Richmond Hill, New York 11419"
704741/2017,Queens,3586,8,
705097/2017,Queens,1696,24,
705214/2017,Queens,11665,24,
705894/2017,Queens,12648,28,"119-44 193RD Street, Saint Albans, NY 11412"
707307/2018,Queens,9508,25,
701897/2019,Queens,11421,9,
707288/2019,Queens,10657,21,"8907 Vanderveer Street, Queens Village, NY 11427"
712531/2019,Queens,4708,68,"151-07 21ST AVENUE, WHITESTONE, NY 11357"
713447/2018,Queens,11026,368,"114-02 208th Street, Cambria Heights, NY 11411"
714708/2019,Queens,619,37,"31-28 28th Road, Astoria, NY 11102"
713011/2019,Queens,11632,33,"111-58 128th Street, South Ozone Park, NY 11420"
716198/2020,Queens,5066,3002,
718443/2019,Queens,375,30,
724847/2020,Queens,11076,46,
703809/2021,Queens,15800,37,"316 Beach 27th Street, Far Rockaway, NY 11691"
707834/2022,Queens,8993,60,
715018/2022,Queens,15614,75,
703151/2023,Queens,6244,20,
711348/2023,Queens,12578,61,
714451/2023,Queens,11755,56,"131-16-18/20-22/24 ROCKAWAY BLVD, SOUTH OZONE PARK, NY 11420"
725411/2021,Queens,1770,26,
704863/2021,Queens,5255,57,
717372/2018,Queens,12210,23,"150-47 119TH ROAD, JAMAICA, NY 11434"
706620/2021,Queens,13305,19,"146 -30 176 Street, Jamaica, NY 11431"
719864/2023,Queens,13495,66,"144-44 226th Street, Springfield Gardens, New York 11413"
719864/2023,Queens,13495,66,"144-44 226th Street, Springfield Gardens, New York 11413"
708859/2021,Queens,12482,162,"177-41 Ursina Road, Jamaica, NY 11434"
714990/2022,Queens,12466,18,"178-45 120TH AVENUE, SAINT ALBANS, NY 11434"
723327/2021,Queens,10161,69,"106-07 GUY R. BREWER BLVD, JAMAICA, NY 11433"
700550/2021,Queens,10424,13,
702466/2021,Queens,4690,22,
711411/2016,Queens,11737,38,"133-01 116th Street, South Ozone Park, New York 11420"
703726/2016,Queens,13539,47,
707019/2016,Queens,13313,28,"145-36 Farmers Blvd, Jamaica, NY 11434"
705684/2018,Queens,10443,14,
717812/2018,Queens,10257,70,
709270/2018,Queens,10902,24," 10432 203rd Street a/k/a 104-32 203th Street Saint Albans, NY 11412"
700221/2021,Queens,9905,58,
701900/2021,Queens,10648,49,
705844/2023,Queens,6259,22,"1638 78"" Street, Brooklyn, NY 11214"
712672/2015,Queens,5539,38,
712672/2015,Queens,5539,38,
713638/2016,Queens,10353,163,"185-05 Henderson Avenue, Hollis, NY 11423"
707209/2018,Queens,9359,37,
716512/2020,Queens,12242,33,"160-15 119th Avenue, Jamaica, NY 11434"
717127/2019,Queens,9088,7,
719029/2022,Queens,15771,7,
719029/2022,Queens,15771,7,
724445/2023,Queens,12061,39,"127-03 143rd Street A.K.A. 12703 143rd Street, Jamaica, New York 11436"
701444/2016,Queens,11108,47,
709522/2019,Queens,3714,43,"78-47 61st Street, Ridgewood a/k/a Glendale, New York 11385"
702945/2016,Queens,16065,26,
703897/2015,Queens,2015,19,
703897/2015,Queens,2015,19,
701789/2019,Queens,12990,5,
711561/2017,Queens,13657,49,
706169/2023,Queens,4917,1,
709300/2022,Queens,9613,30,"107-42 134th Street, South Richmond Hill, NY 11419"
709300/2022,Queens,9613,30,"107-42 134th Street, South Richmond Hill, NY 11419"
705527/2014,Queens,11742,64,"133- 44 122nd Street, South Ozone Park, NY 11420"
708737/2015,Queens,110,14,
850239/2016,Manhattan,558,1227,
153171/2018,Manhattan,1916,137,
150205/2019,Manhattan,1290,1232,
150206/2019,Manhattan,1290,1220,
150207/2019,Manhattan,1290,1233,
850236/2022,Manhattan,1837,1036,
511293/2015,Brooklyn,8251,73,
529556/2022,Brooklyn,1533,68,"105 A Hull Street, Brooklyn, NY 11233"
507559/2022,Brooklyn,3381,55,
5229/2013,Brooklyn,3228,30,"1299 Myrtle Avenue, Brooklyn, NY"
515044/2015,Brooklyn,7794,29,
27515/2011,Brooklyn,3378,120,"1414 Putnam Avenue, Brooklyn, NY 11237"
10346/2013,Brooklyn,7695,38,"1505 EAST 33RD STREET, BROOKLYN, NY 11234"
504485/2021,Brooklyn,7090,65,
19241/2012,Brooklyn,1551,44,"2132-A FULTON ST, BROOKLYN, NY 11233"
21442/2013,Brooklyn,4480,29,
503816/2019,Brooklyn,1680,22,
20156/2008,Brooklyn,4119,27,
517978/2020,Brooklyn,4887,13,"260 East 34th Street, Brooklyn, NY 11203"
511055/2014,Brooklyn,8663,1001,
23757/2010,Brooklyn,5397,8,"320 Ditmas Avenue, Brooklyn, NY 11218"
9760/2009,Brooklyn,6976,8,"3854 Laurel Avenue, Brooklyn, NY 11224"
30795/2008,Brooklyn,1864,57,"401 HERKIMER ST, BROOKLYN, NY 11213"
4219/2014,Brooklyn,4900,50,"453 East 46th Street, Brooklyn,  NY 11203"
508750/2023,Brooklyn,5881,126,
513795/2018,Brooklyn,3612,44,
521061/2018,Brooklyn,3834,10,
21316/2009,Brooklyn,3837,33,
511340/2014,Brooklyn,8055,56,
4836/2014,Brooklyn,1387,47,
515192/2015,Brooklyn,4734,47,
13127/2012,Brooklyn,1045,29,"62 15th Street, Brooklyn, NY 11215"
11054/2009,Brooklyn,3756,1,"663-669 Sutter Avenue, Brooklyn, NY 11207"
512015/2018,Brooklyn,8414,5,"7315 Avenue U, Brooklyn, New York 11234"
527395/2022,Brooklyn,1429,1226,
510443/2016,Brooklyn,1708,41,
514462/2018,Brooklyn,5010,12,
504056/2023,Brooklyn,5679,16,
515819/2017,Brooklyn,4329,27,"828 Hendrix St., Brooklyn, New York 11207"
506827/2018,Brooklyn,3925,44,
525480/2020,Brooklyn,2907,1224,
7547/2013,Brooklyn,4381,17,
524986/2022,Brooklyn,8187,34,
523254/2022,Brooklyn,5523,12,
15622/2008,Brooklyn,8513,43,"1796 East 53rd Street, Brooklyn, NY 11234"
28101/2007,Brooklyn,2006,50,
531047/2021,Brooklyn,4722,28,
810088/2010,Manhattan,1937,11,
850126/2019,Manhattan,1274,1054,"30 Central Park South, Unit 14D, New York"
850126/2019,Manhattan,1011,4153,"106 Central Park South, Unit 7L, New York, NY 10019"
850126/2019,Manhattan,1405,32,"177 East 70th St., New York, NY 10021"
850126/2019,Manhattan,1404,1028,"715 Park Ave, Unit 6E, New York, NY 10021"
850279/2021,Manhattan,1634,16,
850147/2023,Manhattan,1009,37,
850199/2022,Manhattan,1006,1302,
35805/2015E,Bronx,4690,34,
381069/2012E,Bronx,4934,56,
381105/2007E,Bronx,2879,284,
381178/2012E,Bronx,5316,35,
381839/2009E,Bronx,4535,24,
382509/2009E,Bronx,2608,9,
35581/2014E,Bronx,5600,46,
35650/2014E,Bronx,2971,4,
36125/2020E,Bronx,2433,52,
380329/2008E,Bronx,4982,14,"4042 Baychester Avenue, Bronx, NY 10466"
382283/2009E,Bronx,4977,60,
32752/2017E,Bronx,4824,49,
26771/2018E,Bronx,4340,1171,
34694/2020E,Bronx,3944,1979,
24494/2019E,Bronx,3938,4471,"apartment 5G, in the building known as S-11 a/k/a 36, and by street address 1470 East Avenue, Bronx, New York"
20257/2020E,Bronx,3944,2759,
380846/2008E,Bronx,5453,120,
33418/2019E,Bronx,3944,4033,
35265/2013E,Bronx,3146,35,
382283/2009E,Bronx,4977,60,
35347/2018E,Bronx,3429,41,
382517/2009E,Bronx,2762,277,
32034/2016E,Bronx,4728,104,
35287/2015E,Bronx,4674,153,
380790/2007E,Bronx,3520,46,
32146/2016E,Bronx,3525,64,
31291/2019E,Bronx,3944,4766,
381462/2010E,Bronx,2855,28,
34605/2018E,Bronx,3944,1072,
36113/2020E,Bronx,4987,43,
32843/2016E,Bronx,4824,55,
32944/2016E,Bronx,4878,8,
32199/2017E,Bronx,4082,20,
380325/2013E,Bronx,4686,53,
35722/2014E,Bronx,4001,51,
32458/2016E,Bronx,4828,40,
32796/2017E,Bronx,2516,147,
32745/2017E,Bronx,2879,67,
380623/2012E,Bronx,3044,167,
35849/2015E,Bronx,3234,93,
260075/2017E,Bronx,3937,3157,"apartment 9D, in the building known as W-5 a/k/a 155, and by street address 1505 Archer Road, Bronx, New York"
725132/2021,Queens,13179,15,
710484/2016,Queens,13748,50,"241-41 148TH DRIVE, ROSEDALE, NY 11422"
703513/2014,Queens,1987,49," 10447 44th Avenue Flushing, NY 11368"
714175/2016,Queens,9412,43,"110-19 101ST AVENUE, RICHMOND HILL, NY 11419"
719740/2021,Queens,12059,33,"142-64 Rockaway Boulevard, Jamaica, New York"
718411/2022,Queens,5572,72," 49-52 169th Street, Flushing, New York 11365"
717663/2021,Queens,9020,25,"86-01 95th Avenue a/k/a 8601 95th Avenue, Ozone Park, NY 11416"
703385/2023,Queens,15706,67,"Block 15706, Lot 67. Sold subject to terms and conditions of filed judgment and terms of sale. NICOLE KATSORHIS, Referee., LEVY & LEVY, Attys. for Pltf., 12 Tulip Dr., Great Neck, NY"
704168/2016,Queens,10711,23,"91-38 Springfield Boulevard, Queens Village, NY 11428"
713788/2016,Queens,9119,60,"103-19 96th Street, Ozone Park, NY 11417"
709519/2017,Queens,5191,34," 143-55 Cherry Avenue Flushing, NY 11355"
706794/2018,Queens,12067,73," 12923 a/k/a 129-23 143rd Street Jamaica, NY 11436"
701288/2019,Queens,10193,22,
713191/2020,Queens,12573,10,
723598/2022,Queens,12937,56,"131-46 228th Street, Laurelton, NY 11413"
721068/2021,Queens,7805,41,
723024/2021,Queens,13624,45,"137-28 250th Street, Rosedale, NY 11422"
726242/2021,Queens,1931,1045,
705365/2014,Queens,10391,37,
710688/2015,Queens,13648,48,"253-43 147th Road, Rosedale, NY 11422"
712380/2015,Queens,10366,22," 10226 188th St Hollis, NY 11423"
704841/2018,Queens,2166,1017,"108-27 63rd Avenue, Unit P5, Queens, NY 11375"
707851/2019,Queens,9841,46,"87-34 169"" Street, Jamaica, NY 11432"
707851/2019,Queens,9841,48,"87-34 169"" Street, Jamaica, NY 11432"
714970/2019,Queens,12014,7,
715033/2020,Queens,13270,40,
724510/2020,Queens,12632,45,"118-25 202nd Street, Saint Albans, NY 11412"
714823/2021,Queens,208,41,"40-20 50TH AVENUE, SUNNYSIDE, NY 11104"
707237/2014,Queens,13032,22,"218-16 137th Street, Springfield Gardens, NY 11413"
707691/2014,Queens,10902,51,"104- 15 202nd Street, Saint Albans, NY 11412"
702169/2017,Queens,9501,27,"102-30 134th Street, Richmond Hill, NY 11419"
705181/2017,Queens,12294,56,"134 25 155th Street, Jamaica, NY 11434"
710581/2018,Queens,10896,1,"20002 104th Ave, Saint Albans, NY 11412"
711316/2018,Queens,8639,75,"24855 A/K/A 248-55 88th Road, Bellerose, NY 11426"
717146/2017,Queens,10129,10,"162-20 South Road a/k/a 162-20 Tuskegee Airmen Way, Jamaica, NY 11433"
717123/2020,Queens,8287,16,"239-22 65th Avenue, Douglaston, NY 11362"
717755/2021,Queens,2477,5,"84 -14 Queens Boulevard, Elmburst, New York"
709562/2019,Queens,13022,102,
707859/2021,Queens,1242,51,"33-31 69th Street, Woodside, NY 11377"
703734/2014,Queens,1983,24,"102-48 a/k/a 10248 Nicolls Avenue, Corona a/k/a Flushing, NY 11386"
706420/2014,Queens,13620,37," 13812 249th Street Rosedale, NY 11422"
710750/2016,Queens,3325,36,
702512/2017,Queens,15771,34,"22-29 Brookhaven Avenue, Far Rockaway, NY 11691"
705454/2018,Queens,487,66,
701574/2019,Queens,12651,42,
717957/2020,Queens,7359,41,
722527/2020,Queens,9938,264,
700937/2023,Queens,10648,37,
721387/2021,Queens,13083,75,
707847/2017,Queens,4506,27,
708846/2017,Queens,13184,8,"229-05 141st Avenue, Springfield Gardens, New York 11413"
710905/2020,Queens,10420,79,
702447/2014,Queens,10547,63,
711665/2017,Queens,13015,21,
700833/2022,Queens,12529,253,
708606/2014,Queens,11043,179," 115-28 203rd Street a/k/a 11528 203rd Street Saint Albans, NY 11412"
35507/2014E,Bronx,2782,87,"1354 Teller Avenue, Bronx, NY 10456"
303519/2008E,Bronx,4193,54,
380625/2011e,Bronx,5058,49,
35453/2014E,Bronx,2768,279,
380695/2012E,Bronx,4725,27,
35859/2014E,Bronx,3770,21,
23661/2019E,Bronx,5080,48,
24710/2019E,Bronx,3106,46,
34242/2018E,Bronx,2826,87,
33200/2018E,Bronx,2556,54,"573 East 1415 Street a/k/a 573-575 East 1415 Street a/k/a 311 Crimmins Avenue, Bronx, NY 10454"
36542/2019E,Bronx,3114,4,
808046/2023E,Bronx,3237,90,
35411/2013E,Bronx,4790,20,
32450/2016E,Bronx,4796,148,"2922 Ely Avenue, Bronx, NY 10469"
814427/2021E,Bronx,5725,1020,"2600 Henry Hudson Parkway, Unit 5D, Bronx, NY 10463"
35507/2014E,Bronx,2782,87,"1354 Teller Avenue, Bronx, NY 10456"
35256/2015E,Bronx,2684,143,
35669/2014E,Bronx,4784,38,
35577/2018E,Bronx,2628,42,
32600/2017E,Bronx,2360,1090,
135393/2017,Staten Island,199,6,
15622/2008,Brooklyn,8513,43,"1796 East 53rd Street, Brooklyn, NY 11234"
30795/2008,Brooklyn,1864,57,"401 HERKIMER ST, BROOKLYN, NY 11213"
9760/2009,Brooklyn,6976,8,"3854 Laurel Avenue, Brooklyn, NY 11224"
11054/2009,Brooklyn,3756,1,"663-669 Sutter Avenue, Brooklyn, NY 11207"
13127/2012,Brooklyn,1045,29,"62 15th Street, Brooklyn, NY 11215"
27515/2011,Brooklyn,3378,120,"1414 Putnam Avenue, Brooklyn, NY 11237"
19241/2012,Brooklyn,1551,44,"2132-A FULTON ST, BROOKLYN, NY 11233"
23757/2010,Brooklyn,5397,8,"320 Ditmas Avenue, Brooklyn, NY 11218"
5229/2013,Brooklyn,3228,30,"1299 Myrtle Avenue, Brooklyn, NY"
4219/2014,Brooklyn,4900,50,"453 East 46th Street, Brooklyn,  NY 11203"
10346/2013,Brooklyn,7695,38,
502205/2015,Brooklyn,4694,55,
512015/2018,Brooklyn,8414,5,"7315 Avenue U, Brooklyn, New York 11234"
515819/2017,Brooklyn,4329,27,"828 Hendrix St., Brooklyn, New York 11207"
511016/2019,Brooklyn,4168,2,
517978/2020,Brooklyn,4887,13,"260 East 34th Street, Brooklyn, NY 11203"
525492/2020,Brooklyn,1827,1002,"454 Nostrand Avenue, Unit 1, Brooklyn, NY 11216"
518499/2021,Brooklyn,6713,21,"1040 East 12 Street, Brooklyn, NY"
505573/2023,Brooklyn,1774,19,"26 Pulaski Avenue, Brooklyn, New York"
508750/2023,Brooklyn,5881,126,
516529/2023,Brooklyn,1863,58,
529556/2022,Brooklyn,1533,68,"105 A Hull Street, Brooklyn, NY 11233"
535127/2022,Brooklyn,6758,16,
522995/2016,Brooklyn,4505,119,
531162/2021,Brooklyn,4984,69,
19504/2007,Brooklyn,1632,17,"766 Quincy Street, Brooklyn, NY 11221"
932/2008,Brooklyn,4289,24,"729 Eldert Lane, Brooklyn, NY 11208"
14145/2009,Brooklyn,5620,66,"4612 11th Avenue, Brooklyn, NY 11219"
22652/2009,Brooklyn,4993,57,"953 East 464 Street, Brooklyn, NY 11203"
31627/2008,Brooklyn,45,1181,
15018/2010,Brooklyn,7813,54,"4026 Hubbard Place, Brooklyn, NY 11210"
20317/2009,Brooklyn,1290,59,"321 Crown Street, Brooklyn, NY 11225"
506263/2013,Brooklyn,4939,9,"462 East 40th Street, Brooklyn, NY 11203"
13370/2014,Brooklyn,3415,66,
502295/2013,Brooklyn,914,29,
502964/2014,Brooklyn,3215,4,
503752/2013,Brooklyn,1406,16,
506704/2014,Brooklyn,6678,92,"48 Kings Place, Brooklyn, NY 11223"
511167/2014,Brooklyn,4824,23,
8639/2014,Brooklyn,4709,108,
501753/2015,Brooklyn,1792,11,
506570/2015,Brooklyn,4919,25,
506702/2015,Brooklyn,4235,46,"1077 Belmont Ave, Brooklyn, NY 11208"
6797/2015,Brooklyn,3366,31,
504548/2015,Brooklyn,6126,27,"344 97TH ST, BROOKLYN, NY 11209"
510305/2016,Brooklyn,3428,23,
520302/2017,Brooklyn,4065,45,"590 Elton Street, Brooklyn, NY 11208"
506432/2018,Brooklyn,1264,54,"749 EASTERN PARKWAY, BROOKLYN, NY 11213"
511691/2018,Brooklyn,4041,38,"408 Siclen Ave., Brooklyn, NY 11207"
524477/2017,Brooklyn,8343,1105,"1123 East 73rd Street, Unit 68, Brooklyn, NY 11234"
500838/2019,Brooklyn,4360,44,
508839/2019,Brooklyn,8060,1145,
517743/2019,Brooklyn,8148,9,
518415/2019,Brooklyn,4752,9,"9205 Avenue B, Brooklyn, NY 11236"
504770/2020,Brooklyn,6026,58,
511745/2019,Brooklyn,8243,166,
517525/2021,Brooklyn,1342,16,
518307/2020,Brooklyn,4933,18,"490 EAST 34TH STREET, BROOKLYN, NY 11203"
518962/2020,Brooklyn,1834,63,"263 Hancock Street, Brooklyn, NY 11216"
522350/2020,Brooklyn,4886,16,942 New York
523193/2020,Brooklyn,7004,10,"3604 NEPTUNE AVENUE, BROOKLYN, NY 11224"
513116/2022,Brooklyn,3391,5,
522282/2022,Brooklyn,5066,68,
522621/2022,Brooklyn,8431,54,
527048/2022,Brooklyn,1753,18,
500291/2023,Brooklyn,2788,1,
507714/2023,Brooklyn,4077,55,
526282/2022,Brooklyn,1653,33,
528952/2022,Brooklyn,8493,1005,
535123/2022,Brooklyn,1428,7,
536996/2022,Brooklyn,1381,60,"1623 Saint Johns Place, Brooklyn, NY 11233"
537586/2022,Brooklyn,3957,39,
104508/2008,Staten Island,2386,13,"295 Merrymount Street, Staten Island, NY 10314"
130375/2011,Staten Island,2975,30,
131106/2013,Staten Island,6872,35,
131182/2013,Staten Island,1670,262,
135660/2015,Staten Island,1125,32,"71 Morningstar Road, Staten Island, NY 10303"
135689/2015,Staten Island,5599,97,
135132/2016,Staten Island,6913,56,
135287/2016,Staten Island,3412,26,
135844/2016,Staten Island,2862,114,
135802/2016,Staten Island,5420,41,"27 MAYBERRY PROMENADE, STATEN ISLAND, NY 10312"
135619/2018,Staten Island,7928,50,"168 FINLAY STREET, STATEN ISLAND, NY 10307"
135055/2022,Staten Island,4058,46,"16 Isernia Avenue, Staten Island, NY 10306"
135265/2022,Staten Island,1218,92,
152044/2022,Staten Island,1673,30,
130404/2012,Staten Island,7866,45,
130692/2013,Staten Island,499,62,
130126/2014,Staten Island,7892,82,"191 Chelsea Street, Staten Island, NY 10307"
135462/2014,Staten Island,5642,97,"14 Monterey Avenue, Staten Island, NY 10312"
130029/2015,Staten Island,6029,84,"36 Raily Court, Staten Island, NY 10312"
135263/2015,Staten Island,4058,251,
135553/2018,Staten Island,7996,1,
135239/2019,Staten Island,5744,21,
135304/2018,Staten Island,1136,40,
135153/2020,Staten Island,2392,29,
135155/2020,Staten Island,364,88,
135523/2019,Staten Island,6106,356,
135012/2021,Staten Island,5596,13,
151833/2021,Staten Island,698,35,
135105/2022,Staten Island,1239,16,
135300/2022,Staten Island,197,37,
151668/2022,Staten Island,3478,30,"k/a No # Liberty Avenue, Staten Island, NY 10305"
152086/2022,Staten Island,5447,105,
135752/2016,Staten Island,1120,37,
130256/2010,Staten Island,1495,1125,
130334/2010,Staten Island,47,107,"412 JERSEY STREET, STATEN ISLAND, NY"
135076/2014,Staten Island,745,32,"118 Martin Avenue, Staten Island, N.Y. 10314"
135355/2016,Staten Island,1508,103,"38 Tremont Avenue, Staten Island, NY 10314"
135639/2017,Staten Island,4500,26,
135114/2020,Staten Island,768,23,"15 Graves Street, Staten Island, NY 10314"
135218/2022,Staten Island,3629,20,
150932/2023,Staten Island,564,30,
103572/2008,Staten Island,1651,1128,"47 Regal Walk, Staten Island, NY 10303"
131221/2013,Staten Island,1127,12,
135162/2013,Staten Island,139,12,
130779/2011,Staten Island,5316,36,"42 Robinson Avenue, Staten Island, NY 10312"
135390/2015,Staten Island,3108,28,
135355/2017,Staten Island,918,252,
135094/2018,Staten Island,5108,9,"82 Greencroft Avenue, Staten Island, NY 10308"
135014/2019,Staten Island,1254,24,"115 South Avenue, Staten Island, NY 10303"
135164/2019,Staten Island,7702,302,
135053/2020,Staten Island,3739,12,228 Moreland Street
135143/2022,Staten Island,3066,51,
135166/2022,Staten Island,6221,61,
135223/2022,Staten Island,848,271,"22 Holly Street, Staten Island, NY 10304"
135285/2022,Staten Island,3019,1036,"95D Narrows Road North a/k/a 8D-95D Narrows Road North, Staten Island, NY 10305"
151627/2022,Staten Island,7105,506,
135176/2023,Staten Island,3686,51,"41 Beachview Avenue, Staten Island, NY 10306"
132310/2009,Staten Island,1012,25,"44 Bennetts Street, Staten Island, New York 10302"
130313/2010,Staten Island,157,197,
135292/2013,Staten Island,7317,245,"59 Pembrook Loop, Staten Island, NY 10309"
135674/2016,Staten Island,648,29,"969 VAN DUZER STREET, STATEN ISLAND, NY 10304-1863"
135360/2017,Staten Island,226,117,
135209/2018,Staten Island,232,39,"793 Delafield Avenue. Staten Island, NY 10310"
135029/2020,Staten Island,1074,18,
151783/2022,Staten Island,6048,83,
135202/2023,Staten Island,3633,27,"155 Locust Avenue, Staten Island, NY 10306"
135075/2015,Staten Island,7821,23,"7126 Amboy Road, Staten Island, (City of New York) NY 1030"
135175/2018,Staten Island,49,84,"184-186 Beachwood Avenue, Staten Island, NY 10301"
135033/2014,Staten Island,2401,1302,
380625/2011E,Bronx,5058,50,
517743/2019,Brooklyn,8148,7,
850207/2019,Manhattan,1009,37,
850596/2023,Manhattan,1009,37,
850370/2014,Manhattan,1223,1226,
810049/2012,Manhattan,25,1503,
655136/2020,Manhattan,763,65,
850044/2021,Manhattan,16,1878,
159028/2023,Manhattan,1171,2226,
160015/2023,Manhattan,190,1440,"25 N. Moore St, Apt 7B, New York, NY 10013"
850041/2019,Manhattan,1006,1303,
850026/2019,Manhattan,1006,1303,
850208/2018,Manhattan,1006,1303,
850375/2023,Manhattan,1006,1303,
850339/2013,Manhattan,2023,27,"203 West 137th Street, New York, NY 10030"
850032/2023,Manhattan,860,34,
850179/2023,Manhattan,1009,37,"102 WEST 57TH STREET, NEW YORK, NY 10019"
850190/2023,Manhattan,1006,1302,"1335 AVENUE OF THE AMERICAS, NEW YORK, NY 10019"
850233/2023,Manhattan,1009,37,"102 WEST 57TH STREET, NEW YORK, NY 10019"
850285/2023,Manhattan,1006,1302,"1335 AVENUE OF THE AMERICAS, NEW YORK, NY 10019"
850122/2017,Manhattan,1009,37,
16332/2008,Brooklyn,5418,47,"375 Webster Avenue, Brooklyn, NY 11230"
22410/2008,Brooklyn,3362,39,"333 Woodbine Street, Brooklyn, NY 11237"
32025/2009,Brooklyn,7677,35,"2322 Avenue N, Brooklyn, NY 11210"
996/2010,Brooklyn,2248,1004,"420 Marcy Avenue Unit No. 4, Brooklyn, NY  11206"
28569/2011,Brooklyn,3851,23,"584 Hinsdale Street, Brooklyn, NY 11207"
18008/2009,Brooklyn,4691,30,"486 E 95TH ST, BROOKLYN, NY 11212"
27190/2009,Brooklyn,5165,51,"2179 Clarendon Road, Brooklyn, New York 11226"
500601/2013,Brooklyn,4727,37,"5515 Tilden Avenue, Brooklyn, NY 11203"
501252/2013,Brooklyn,4988,16,
519103/2017,Brooklyn,3664,28,"90 Miller Avenue and Miller Avenue, Brooklyn, NY 11207"
519103/2017,Brooklyn,3664,29,"90 Miller Avenue, Brooklyn, NY 11207"
511253/2019,Brooklyn,3723,6,"281 Vermont Street, Brooklyn, NY 11207"
514946/2019,Brooklyn,2605,17,
514946/2019,Brooklyn,2605,30,"273 Russell St, Brooklyn, NY"
514946/2019,Brooklyn,2625,148,"146 Diamon St, Brooklyn, NY"
514946/2019,Brooklyn,2575,14,"313 Eckford St, Brooklyn, NY"
516919/2019,Brooklyn,1851,2,
517140/2019,Brooklyn,3539,17,"165 HERZL STREET, BROOKLYN, NY 11212"
520824/2019,Brooklyn,8283,13,"1365 East 99th Street, Brooklyn, NY 11236"
521890/2019,Brooklyn,1160,72,"375 Park Place, Brooklyn NY 11238"
517031/2022,Brooklyn,848,14,"522 57th Street, Brooklyn, NY 11220"
529192/2022,Brooklyn,1429,1213,"770B Lefferts Avenue, Unit P13, Brooklyn, NY 11203"
532933/2022,Brooklyn,4761,1,"1087-1089 Utica Avenue, Brooklyn, NY 11203"
850173/2022,Manhattan,2225,38,"152 Sherman Avenue, New York, NY 10034"
158480/2022,Manhattan,440,1301,"427 EAST 12TH STREET, #1A, NEW YORK, NY10009"
518279/2017,Brooklyn,7665,20,"1363 East 29th Street, Brooklyn, NY 11210"
523208/2016,Brooklyn,8166,38,"9716 Farragut Road, Brooklyn, NY 11236"
513029/2018,Brooklyn,5429,13,"332 Parkville Avenue, Brooklyn, NY 11230"
522860/2020,Brooklyn,3447,60,"Moffat Street, Brooklyn, NY 11207"
521203/2017,Brooklyn,7684,38,"1408 East 31st Street, Brooklyn, NY 11210"
511373/2014,Brooklyn,7807,78,"2076 Ralph Avenue, Brooklyn, NY 11234"
10129/2009,Brooklyn,3509,21,"661 Ralph Avenue, Brooklyn, NY 11212"
1946/2009,Brooklyn,3411,20,"1170 Halsey Street, Brooklyn, "
5357/2009,Brooklyn,7626,11,"1181 East 26th Street, Brooklyn, NY 11210"
3282/2010,Brooklyn,7895,69,"1740 East 51st Street, Brooklyn, NY 11234"
4029/2013,Brooklyn,8064,1,"1280 E 86TH ST, BROOKLYN, NY 11236"
501462/2013,Brooklyn,8343,53,"1136 Bergen Ave, Brooklyn, NY 11234"
9719/2013,Brooklyn,5032,89,"125 Midwood Street, Brooklyn, NY 11225 a"
506959/2014,Brooklyn,937,1003,"99 4th Avenue, Unit 2L, Brooklyn, NY 11217"
502465/2015,Brooklyn,7735,73,"1092 East 52nd Street, Brooklyn, NY 11234"
505426/2016,Brooklyn,8033,71,"1076 East 82nd Street, Brooklyn, NY 11236"
525511/2018,Brooklyn,3830,48,"546 Powell Street, Brooklyn, NY 11212"
850084/2022,Manhattan,846,1304,"7 East 17th Street, Unit 3N, New York, NY 10003"
700025/2021,Queens,13110,47,"13624 220th Street, Springfield Gardens, NY 11413"
850068/2011,Manhattan,1032,1526,"350 W 42nd Street, Unit #58E, New York, NY 10036"
850206/2017,Manhattan,2082,17,"531 WEST 150TH STREET, NEW YORK, NY 10031"
151261/2023,Manhattan,1379,1189,"610 Park Avenue, PH16E, New York, NY"
159358/2022,Manhattan,1310,1382,"140 East 56th Street, Unit 8E, New York, NY 10022"
850220/2023,Manhattan,525,1720,"184 Thompson Street, #5V, New York, NY 10012"
3057/2007,Brooklyn,1642,81,"689 Madison Street, Brooklyn, NY 11221"
510632/2016,Brooklyn,4123,51,"577 Ridgewood Avenue, Brooklyn, NY 11208-1833"
528945/2022,Brooklyn,1671,76,"383 Macdonough Street, Brooklyn, NY 11233"
512614/2021,Brooklyn,1201,1029,"1311 Pacific Street, #603"
504171/2022,Brooklyn,1820,62,"389 Madison Street, Brooklyn, NY 11221"
505780/2022,Brooklyn,1124,20,"942 Atlantic Avenue, Brooklyn, New York 11238"
532617/2022,Brooklyn,5390,1001,"608 East 7 Street, Parking Space P1, Brooklyn, NY"
525393/2023,Brooklyn,5088,43,"1406 Nostrand Avenue, Brooklyn, New York 11226"
850212/2016,Manhattan,1009,37,
850135/2018,Manhattan,1009,37,
135224/2022,Staten Island,200,1,"111 BODINE STREET, STATEN ISLAND, NY 10310"
850377/2015,Manhattan,1047,1096,"340 WEST 57TH STREET, UNIT 9-E, NEW YORK, NY 10019"
150524/2017,Manhattan,16,6070,"21 South EndAvenue, New York, New York 10280"
850207/2021,Manhattan,1260,1001,"24 West 45th Street, Unit C-1, New York, New York"
850087/2022,Manhattan,846,1310,"7 East 17thStreet,Unit 6C, NewYork, NY10003"
850264/2021,Manhattan,195,3,"388 Broadway, New York, New York 10013, Block 195 Lot 3"
20653/2010,Brooklyn,1366,76,"1357 PARK PLACE, BROOKLYN, NY 11213"
9644/2009,Brooklyn,4074,35,"630 Hendrix Street, Brooklyn, NY 11207"
18254/2010,Brooklyn,5194,109,"306 East 29th Street, Brooklyn, New York 11226, And Described As Follows"
32348/2009,Brooklyn,3291,16,"446 Harman Street, Brooklyn, NY 11237"
25123/2011,Brooklyn,5036,30,"276 Midwood Street, Brooklyn, NY 11225"
2807/2014,Brooklyn,2134,1322,"440 Kent Avenue, Apt. #22C, Brooklyn, NY 11249"
9500/2013,Brooklyn,8237,1007,"1364 East 92nd Street, Unit 3 aka 103 and Unit 1G, Brooklyn, NY 11236"
9500/2013,Brooklyn,8237,1001,"1364 East 92nd Street, Unit 3 aka 103 and Unit 1G, Brooklyn, NY 11236"
501594/2015,Brooklyn,3614,24,"523 Chester Street, Brooklyn, NY 11212"
502885/2015,Brooklyn,4303,43,"705 Bradford Street, Brooklyn, NY 11207"
504924/2015,Brooklyn,7735,29,"1091 East 51st Street, Brooklyn, NY 11234"
510789/2015,Brooklyn,4381,142,"917 ASHFORD STREET, BROOKLYN, NY 11207"
888/2015,Brooklyn,7556,46,"102 Kenilworth Place, Brooklyn, NY 11210"
501405/2016,Brooklyn,807,63,"445 53RD STREET, BROOKLYN, NY 11220"
505825/2017,Brooklyn,4626,39,"289 REMSEN AVENUE, BROOKLYN, NY"
523178/2018,Brooklyn,1262,54,"583 Eastern Parkway, Brooklyn, NY 11216"
509621/2018,Brooklyn,3933,40,
500887/2020,Brooklyn,4304,69,"721 Miller Avenue, Apt 2R, Brooklyn, NY 11207"
513075/2020,Brooklyn,3954,6,"261 Cleveland Street, Brooklyn, NY 11208"
500923/2022,Brooklyn,3519,50,"108 Bristol Street, Brooklyn, NY 11212"
509579/2022,Brooklyn,1659,21,"460-AHANCOCK STREET, BROOKLYN, NY 11233"
515084/2022,Brooklyn,7802,21,"5324 New Utrecht Avenue, Brooklyn, NY 11234"
520611/2020,Brooklyn,1979,13,"WashingtonAvenue, Brooklyn, NY 11238"
525160/2022,Brooklyn,8039,1011,"8714 Avenue J, Unit 4BE, Brooklyn, NY"
523241/2022,Brooklyn,6362,100,"Benson Avenue, Brooklyn, New York"
527054/2023,Brooklyn,1354,58,"138 Utica Ave., Brooklyn, New York 11213"
528551/2022,Brooklyn,8720,1594,"40 Oceana Drive West Unit PH1-A, Brooklyn, NY 11235"
528551/2022,Brooklyn,8720,1518,"40 Oceana Drive West Unit PH1-A, Brooklyn, NY 11235"
528898/2022,Brooklyn,8273,1020,"10803 Seaview Avenue, Parking Unit P20, Brooklyn, NY"
534112/2022,Brooklyn,7806,63,"1070 E 59th St Brooklyn, NY 11234"
538048/2022,Brooklyn,1979,14,"477 Washington Avenue, Brooklyn, NY 11238"
538048/2022,Brooklyn,1964,8,"135 St. James Place, Brooklyn, NY11238"
503870/2016,Brooklyn,1349,1106,"1609 Bergen St, Unit 3, Brooklyn, NY 11213"
505772/2015,Brooklyn,3931,51,"162 Norwood Avenue, Brooklyn, NY 11208"
158117/2021,Manhattan,1114,1006,"43 WEST 61ST STREET, UNIT 10E, NEW YORK, NY 10023"
508750/2016,Brooklyn,7615,42,"3304 AVENUE J, BROOKLYN, NY 11210"
850136/2021,Manhattan,1009,37,
653461/2022,Manhattan,1304,20,"541 Lexington Avenue a/k/a 129-141 East 49% Street a/k/a 126-136 East 50t Street a/k/a 539-555 Lexington Avenue, New York"
850041/2022,Manhattan,233,17,"158 Lafayette Street a/k/a 151 Grand Street, New York"
156969/2018,Manhattan,768,1217,"134 Seventh Avenue, Garage Unit 6, New York,  New York 10011"
159354/2022,Manhattan,2170,31,"663 West 187th Street, New York, NY 10033"
850074/2023,Manhattan,1487,1411,"530 East 76th Street, Unit 34/35AB a/k/a Unit 34COS, New York, NY 10021."
110895/2010,Manhattan,1020,1215,"1600 BROADWAY, UNIT 21G, NEW YORK, NY 10019"
33009/2006,Brooklyn,4980,55,"861 E 46th StreetBrooklyn, NY 11203"
16849/2009,Brooklyn,3243,120,"1262 Dekalb Avenue, Brooklyn, NY 11221"
32747/2009,Brooklyn,4649,17,"288 EAST 95TH STREET, NEW YORK"
32859/2009,Brooklyn,2183,38,"220 Division Avenue, Brooklyn, NY 11211"
5210/2010,Brooklyn,8360,13,1265 East 73 Street
1773/2011,Brooklyn,6900,50,"86 Bay Street 46th Street, Brooklyn, NY 11214"
23501/2011,Brooklyn,8066,44,"8720 Avenue L, Brooklyn, NY 11236"
24915/2010,Brooklyn,1607,23,"534 Kosciuszko Street, Brooklyn, NY 11221"
501008/2014,Brooklyn,5453,1004,"1524 49th Street, Brooklyn, NY 11219"
507822/2013,Brooklyn,4326,20,"754 Bradford Street, Brooklyn, NY 11207"
509643/2014,Brooklyn,8350,1015,"1121 East 72ndStreet, Unit 14, Brooklyn, NY11234"
511632/2014,Brooklyn,8066,44,"8720 Avenue L, Brooklyn, NY 11236"
511069/2014,Brooklyn,8214,1009,"905 East 106th Street SC, Brooklyn, NY 11236"
511172/2014,Brooklyn,8255,40,"9024 Avenue L, Brooklyn, NY 11236"
514098/2015,Brooklyn,1231,74,"669 PARK PLACE, BROOKLYN, NY 11216"
513660/2017,Brooklyn,5086,79,"8 MARTENSE COURT, BROOKLYN, NY 11226"
511423/2018,Brooklyn,8288,30,"1331 East 104th Street a/k/a 1331 East 104 Street a/k/a 1331 E 104th StreetBrooklyn, NY 11236"
514324/2017,Brooklyn,1661,7,"297 STUYVESANT AVENUE, BROOKLYN, NY 11233"
522511/2018,Brooklyn,7655,24,"3710 Kings Highway, Brooklyn, NY 11234"
511019/2019,Brooklyn,7789,29,"1877 Albany Avenue, Brooklyn, NY 11210"
513555/2019,Brooklyn,1661,7,"297 STUYVESANT AVENUE, BROOKLYN, NY 11233"
519363/2018,Brooklyn,7788,2,"4019 Avenue K, Brooklyn, NY 11210"
523719/2018,Brooklyn,3162,34,"93 JEFFERSON STREET, BROOKLYN, NY 11206"
503058/2020,Brooklyn,8211,25,"937 East 103rd Street, Brooklyn, NY 11236"
523368/2019,Brooklyn,2643,52,"58 Dobbin Street, Brooklyn, New York 11222"
525545/2019,Brooklyn,8082,133,"1460 E 86TH STREET, BROOKLYN, NY 11236"
522115/2020,Brooklyn,1542,51,"2097 Fulton Street, Brooklyn, NY 11233"
523543/2021,Brooklyn,3162,34,"93 JEFFERSON STREET, BROOKLYN, NY 11206"
524607/2019,Brooklyn,1128,1015,"700 Pacific Street a/k/a 535 Dean Street, Unit 213, Brooklyn, NY 11217"
502549/2023,Brooklyn,3580,14,"297 East 98th Street,Brooklyn, NY 11212"
505096/2023,Brooklyn,4853,12,"1361 Nostrand Avenue, Brooklyn, New York"
505101/2023,Brooklyn,4915,53,"1639 Nostrand Avenue, Brooklyn, New York"
505103/2023,Brooklyn,4853,9,"1371 Nostrand Avenue, Brooklyn, New York"
522911/2022,Brooklyn,1760,72,"599-601 WILLOUGHBY AVENUE, BROOKLYN, NY"
527546/2022,Brooklyn,4399,7,"330 Worthman Avenue, Brooklyn, NY 11207"
531083/2022,Brooklyn,3379,12,"1492 Putnam Avenue, Brooklyn, NY."
536746/2022,Brooklyn,8081,115,"1416 E. 85TH STREET, BROOKLYN, NY 11236"
135276/2023,Staten Island,150,353,178 Bement Court
850158/2021,Brooklyn,2111,1001,"The Retail Unit at One Hanson Place, Brooklyn, New York, 11243."
850170/2021,Manhattan,563,1012,"44 East 12th Street, Unit 5A, New York, NY 10003"
850252/2022,Manhattan,1623,102," 1 East 117th Street, New York, NY 10035"
35397/2013E,Bronx,5003,37,"1733 EDENWALD AVE, BRONX, NY 10466"
32021/2015E,Bronx,2872,116,"1367 CLAY AVE, BRONX, NY 10457"
35237/2015E,Bronx,3294,26,"2680 BRIGGS AVE, BRONX, NY 10458"
32215/2015E,Bronx,4562,6,"1233 ARNOW AVE, BRONX, NY 10469"
32325/2017E,Bronx,4735,59,"3356 Wilson Avenue, Bronx, NY 10469"
22175/2018E,Bronx,3432,1016,"203 Admiral Lane, Unit 02-203D, Bronx, NY 10473"
36049/2019E,Bronx,5428,45,"843 Logan Avenue, Bronx, NY 10465"
512103/2022,Brooklyn,5975,22,"28 79th Street, Brooklyn, (City of New York) NY 11209"
512523/2021,Brooklyn,5214,32,"1207 ROGERS AVENUE, BROOKLYN, NY 11226"
516846/2021,Brooklyn,798,43,"5118-5124 4TH AVENUE, BROOKLYN, NY 11220"
509432/2023,Brooklyn,3756,5,"391 NEW JERSEY AVENUE, BROOKLYN, NY 11207"
501752/2021,Brooklyn,6259,22,"1638 78""""Street, Brooklyn, NY11214."
706830/2019,Queens,1713,51,"33-33 98th Street, Corona, NY 11368"
152278/2022,Staten Island,3085,8,"FINGERBOARD ROAD, STATEN ISLAND, NY"
131109/2013,Staten Island,576,75,"48 WARD AVENUE, STATEN ISLAND, NY 10304"
131109/2013,Staten Island,576,77,"48 WARD AVENUE, STATEN ISLAND, NY 10304"
135457/2023,Staten Island,1644,1026,"1260 RICHMOND AVENUE, UNIT 114, STATEN ISLAND, NY 10314"
37825/2006,Brooklyn,7797,45,"1353 East 49th Street, Brooklyn, NY 11234"
12015/2008,Brooklyn,1131,1035,
17410/2009,Brooklyn,4814,1002,"644 New York Avenue, Unit 2, Brooklyn, NY 11203"
9514/2011,Brooklyn,6322,57,"1351 85th Street, Brooklyn, NY 11228"
502887/2014,Brooklyn,1365,71,"1293 Park Place, Brooklyn, NY 11213"
507138/2013,Brooklyn,4298,30,"688 Pennsylvania Avenue, Brooklyn, NY 11207"
514012/2016,Brooklyn,4995,16,
517267/2016,Brooklyn,5915,13,"74 73rd Street, Brooklyn, NY 11209"
501361/2017,Brooklyn,7263,25,"606 BANNER AVENUE, BROOKLYN, NY 11235"
511796/2019,Brooklyn,4932,34,"3213 Clarendon Road, Brooklyn, NY 11226"
515272/2019,Brooklyn,7427,36,"k/a 2474 Bragg Street, Brooklyn, NY 11235"
500666/2021,Brooklyn,4129,62,"3301 Fulton Street, Brooklyn, NY 11208"
503395/2021,Brooklyn,4208,7,"179 Milford Street, Brooklyn, NY 11208"
507810/2021,Brooklyn,7905,40,"5724 Beverley Road, Brooklyn, NY 11203"
519586/2020,Brooklyn,764,60,"337 48TH STREET, BROOKLYN, NY 11220"
504832/2022,Brooklyn,1869,29,"1399 Atlantic Avenue, Brooklyn, NY 11216"
504832/2022,Brooklyn,1869,30,"1399 Atlantic Avenue, Brooklyn, NY 11216]"
504832/2022,Brooklyn,1869,31,"1399 Atlantic Avenue, Brooklyn, NY 11216]"
500853/2023,Brooklyn,8331,1037,"9526 SCHENCK STREET, PS 10, BROOKLYN, NY"
502508/2023,Brooklyn,3625,23,"579 Chester Street, Brooklyn, NY 11212"
502845/2023,Brooklyn,3539,140,"175 Herzl Street, Brooklyn, NY 11212"
524436/2022,Brooklyn,6753,95,"1413 East 15th Street, Brooklyn, NY11230"
528954/2022,Brooklyn,8661,1026,"k/a 384 Neptune Avenue, Unit SR1, Brooklyn, NY 11235"
529670/2022,Brooklyn,8220,31,"EAST 93RD STREET, BROOKLYN, NY"
537469/2022,Brooklyn,1890,68,"112 HALL STREET, BROOKLYN, NY 11205"
705203/2013,Queens,9109,1,"89- 02 103rd Avenue, Ozone Park, NY 11417"
707933/2022,Queens,1542,1103,"Block: 1542 Lot: 1103; Said premises known as 82-25 QUEENS BLVD., UNIT 1C, ELMHURST, NEW YORK"
711617/2022,Queens,10837,39,"99-16 191* Street, Hollis, NY 11423"
708640/2017,Queens,9350,16,"91-24 Lefferts Boulevard, Richmond Hill, New York 11418"
721820/2020,Queens,12204,127,"150-54 Foch Boulevard, Jamaica, New York 11434"
700923/2014,Queens,10919,43,"20921 Hollis Ave AKA 209-21 Hollis Ave, Queens Village, NY 11429"
158712/2022,Manhattan,2872,116,"1367 CLAY AVE, BRONX, NY 10457"
35036/2015E,Bronx,4676,37,"3724 Barnes Avenue, Bronx, NY 10467"
16500/2007E,Bronx,5384,36,"1539 May ower Avenue, Bronx, NY 10461"
11103/2013,Brooklyn,8269,28,"1227 East 104th Street, Brooklyn, NY 11236"
514086/2015,Brooklyn,3514,70,"131 SUTTER AVENUE, BROOKLYN, NY 11212"
130010/2015,Staten Island,2925,534,"48 Studio Lane, Staten Island, New York 10304"
135723/2018,Staten Island,3173,1001,"653 Britton Avenue, Staten Island, NY 10304"
157609/2022,Manhattan,459,1113,"52 EAST 4TH STREET, #PH2, NEW YORK"
850215/2022,Manhattan,1623,133,"1455 Sth Avenue a/k/a 1455/1459 5th Avenue, New York"
850429/2023,Manhattan,1721,1002,"3-5 West 122nd Street, Units 1B, New York"
850429/2023,Manhattan,1721,1007,"3-5 West 122nd Street, Units 2C, New York"
850429/2023,Manhattan,1721,1011,"3-5 West 122nd Street, Units 3C, New York"
850429/2023,Manhattan,1721,1013,"3-5 West 122nd Street, Units 4A, New York"
850429/2023,Manhattan,1721,1021,"3-5 West 122nd Street, Units 6A, New York"
850429/2023,Manhattan,1721,1024,"3-5 West 122nd Street, Units 6D, New York"
703332/2022,Queens,13049,69,"17933 143rd Avenue, Jamaica, New York 11434"
721569/2022,Queens,5354,17,"4022 190th Street, Flushing, NY 11358"
381207/2012E,Bronx,2880,333,"1619 Undercliff Avenue,  Bronx, NY 10453"
35062/2018E,Bronx,10234,285,"173-47 10STH AVENUE, JAMAICA, NY 11433"
704357/2017,Queens,10234,285,"173-47 10STH AVENUE, JAMAICA, NY 11433"
709479/2017,Queens,12000,107,"142-16 116th Avenue, Jamaica, New York 11436"
706573/2018,Queens,12330,34,"114-06 167TH ST, JAMAICA, NY 11434"
708749/2018,Queens,1664,57,"27-33 Curtis Street, East Elmhurst, NY 11369"
724205/2020,Queens,740,84,"3068 50th Street, Woodside, NY 11377"
703946/2021,Queens,3916,1450,"3-13C Endeavor Place, Unit 36 aka 123-09 Lax Avenue, Unit 36, Coilege Point, NY 11356"
723933/2022,Queens,7236,33,"176-16 Kildare Road, Jamaica, NY 11432"
718481/2021,Queens,12330,34,"114-06 167TH ST, JAMAICA, NY 11434"
700754/2014,Queens,9611,26,"107-40 132nd Street, South Richmond Hill, NY 11419"
700013/2015,Queens,9545,16,"107-18 108TH ST, SOUTH RICHMOND HILL, NY 11419"
712694/2020,Queens,1605,41,"4069 JUNCTION BOULEVARD, QUEENS, NY 11368"
37616/2006,Brooklyn,3408,33,"1276 Bushwick Avenue, Brooklyn, NY 11207"
19391/2009,Brooklyn,4886,25,"960 New York Avenue, Brooklyn, NY 11203"
29520/2007,Brooklyn,1804,73,"337 Quincy Street, Brooklyn, NY 11216"
29971/2008,Brooklyn,8110,54,"717 East 92nd Street, Brooklyn, NY 11236"
1859/2010,Brooklyn,1439,32,"2054 PACIFIC ST, BROOKLYN, NY 11233"
21330/2011,Brooklyn,4663,22,"24 East 58th Street, Brooklyn, NY 11203"
15642/2013,Brooklyn,6557,1106,"6214 24TH AVENUE #2E, BROOKLYN, NY 11204"
15642/2013,Brooklyn,6557,1128,"6214 24TH AVENUE #2E, BROOKLYN, NY 11204"
16853/2013,Brooklyn,4381,139," 923 Ashford Street Brooklyn, NY 11207"
21783/2011,Brooklyn,4696,50,"447 East 48th Street, Brooklyn, NY 11203"
507884/2015,Brooklyn,4731,6,"5911 Tilden Avenue, Brooklyn, NY 11203"
503735/2016,Brooklyn,2188,1202,"191 Rodney Street Apartment 2, Brooklyn, NY 11211"
512865/2016,Brooklyn,4505,50,"1124 Loring Avenue, Brooklyn, NY 11208"
513942/2015,Brooklyn,8470,2027,"64 Harbor Drive, Brooklyn, NY 11234"
514347/2017,Brooklyn,8144,42,"946 East 95th Street, Brooklyn, NY 11236"
507644/2019,Brooklyn,4731,6,"5911 Tilden Avenue, Brooklyn, NY 11203"
518246/2020,Brooklyn,1275,61,"1163 President Street, Brooklyn, NY 11225"
519372/2020,Brooklyn,4719,9,"4722 Snyder Avenue, Brooklyn, NY 11203"
520374/2020,Brooklyn,8255,31,"9004 Avenue L, Brooklyn, New York 11236"
522915/2020,Brooklyn,1419,51,"412 Utica Avenue, Brooklyn, NY 11213"
502545/2023,Brooklyn,4671,43,"409 East 96"" Street, Brooklyn, NY 11212"
506381/2013,Brooklyn,8017,60,"944 East 81st Street, Brooklyn, NY 11236"
19907/2013,Brooklyn,8148,26," 901 E 98th Street Brooklyn, NY 11236"
16746/2014,Brooklyn,4060,131,"582 Barbey Street, Brooklyn, NY 11207"
500152/2015,Brooklyn,7811,42,"34 Hubbard  Place, Brooklyn, New York 11210"
500841/2015,Brooklyn,8299,13," 1625 East 96th St Brooklyn, NY 11236"
508926/2021,Brooklyn,4291,148,"759 Drew Street, Brooklyn, NY 11208"
522682/2020,Brooklyn,1710,14,"826 Herkimer Street, Brooklyn, New York 11233"
523516/2020,Brooklyn,7811,42,"34 Hubbard  Place, Brooklyn, New York 11210"
32302/2008,Brooklyn,6127,32,"432 97th Street, Brooklyn, NY 11209"
510328/2015,Brooklyn,3856,110,"555 CHRISTOPHER AVENUE, BROOKLYN, NY 11212"
509135/2016,Brooklyn,3845,140,"516 Christopher Avenue, Brooklyn, NY 11212"
519758/2019,Brooklyn,7883,16,"1407 East 58'"" Street, Brooklyn, NY 11234"
513536/2021,Brooklyn,7558,59," Said premises being known as and by street address 3014 GLENWOOD ROAD, BROOKLYN, NY 11210"
500481/2023,Brooklyn,5637,42,"Block: 5637 Lot: 42; Said premises known as 4914 gh Avenue, Brooklyn, New York"
502020/2023,Brooklyn,1664,75,"365 Macon Street, Brooklyn, NY 11233"
515682/2021,Brooklyn,8299,2,"9611 Seaview Avenue, Brooklyn, NY 11236"
525866/2020,Brooklyn,850,1015,"720 57th Street, Unit 4C, Brooklyn, NY 11220"
513859/2022,Brooklyn,7122,1011,"354 VAN SICKLEN STREET, UNIT 3A, BROOKLYN, NY 11223"
514712/2022,Brooklyn,8064,49,"1220 East 86th Street, Brooklyn, NY 11236"
520546/2023,Brooklyn,4153,155,"304 Logan Street, Brooklyn, NY 11208"
35304/2014E,Bronx,4674,48,"3668 Barnes Avenue, Bronx, NY 10467"
703324/2019,Queens,10979,21,
4769/2013,Brooklyn,1375,39,"1656 Park Place, Brooklyn, NY 11233"
515055/2018,Brooklyn,4060,11,"497 Schenck Avenue, Brooklyn, NY 11207"
152950/2022,Manhattan,1711,1203,"435 EAST 117TH STREET, UNIT NO. 3, NEW YORK"
380936/2012E,Bronx,4261,41,"1927 Barnes Avenue, Bronx, NY 10462"
381079/2013E,Bronx,3099,124,"718 Garden Street, Bronx, NY 10457"
35430/2014E,Bronx,5417,234,"102 Outlook Avenue, Bronx, NY 10465"
35930/2015E,Bronx,4755,60,"3234 Wickham Avenue, Bronx NY 10469"
11798/2008,Brooklyn,7877,46,"5218 AVENUE M, BROOKLYN, NY 11234"
511453/2016,Brooklyn,1685,77,"43 Chauncey Street, Brooklyn, NY 11233"
521019/2018,Brooklyn,4298,32,"694 Pennsylvania Avenue, Brooklyn, NY 11207"
530086/2021,Brooklyn,7906,36,"5812 BEVERLY ROAD, BROOKLYN, NY 11203"
